Name,Author,✍️ Author
中国,111,"鲁迅 (Reading/Author/%E9%B2%81%E8%BF%85%2019809c6ab49642a3a6a9786dd0e2b846.md), 张岱 (Reading/Author/%E5%BC%A0%E5%B2%B1%202ded3d2cc63a4bbe801323dfcd7cc7ba.md), 朱自清 (Reading/Author/%E6%9C%B1%E8%87%AA%E6%B8%85%20446209aad14f48e4af96ba9bf9bd295d.md), 钱钟书 (Reading/Author/%E9%92%B1%E9%92%9F%E4%B9%A6%20c944b0b06de54a66ae2b69dc35134407.md), 史铁生 (Reading/Author/%E5%8F%B2%E9%93%81%E7%94%9F%200af92875f75441de86a09c0c166c678d.md), 刘慈欣 (Reading/Author/%E5%88%98%E6%85%88%E6%AC%A3%20b3d5c304005c4e81acc9d950911338b2.md), 沈从文 (Reading/Author/%E6%B2%88%E4%BB%8E%E6%96%87%20a9cde6afa8f2419bb0083fea9957b38a.md), 贾平凹 (Reading/Author/%E8%B4%BE%E5%B9%B3%E5%87%B9%201e5f54ef1fbb41bab92ecfec22c95545.md), 路遥 (Reading/Author/%E8%B7%AF%E9%81%A5%2057f5435bcea8473a9b9baeab259f7f0b.md), 余秋雨 (Reading/Author/%E4%BD%99%E7%A7%8B%E9%9B%A8%20bcbafbcee9ea4997bc19702705cb9da4.md), 杨绛 (Reading/Author/%E6%9D%A8%E7%BB%9B%20d41fd254273a4270ad84b236a3f2e64b.md), 余华 (Reading/Author/%E4%BD%99%E5%8D%8E%2031c05677db40428c8f913b514f623116.md), 孔子 (Reading/Author/%E5%AD%94%E5%AD%90%2027d9bedf4e24428bb236344ca265513b.md), 屈原 (Reading/Author/%E5%B1%88%E5%8E%9F%20e0261ebbaccd4b21b89b3ab7dfb1eb00.md), 汪曾祺 (Reading/Author/%E6%B1%AA%E6%9B%BE%E7%A5%BA%209a82d2f336c6445a806033a24612cceb.md), 庄子 (Reading/Author/%E5%BA%84%E5%AD%90%20be23a0d45a484a51bb53e96d7e675fb9.md), 周汝昌 (Reading/Author/%E5%91%A8%E6%B1%9D%E6%98%8C%20cbe42a0e882042aa8b4a736f381307cc.md), 高启 (Reading/Author/%E9%AB%98%E5%90%AF%2085518533c23f4b8192c4b69985227063.md), 叶兆言 (Reading/Author/%E5%8F%B6%E5%85%86%E8%A8%80%202f510cd4751a402fbc2e5f7e8c6d58f8.md), 其它 (Reading/Author/%E5%85%B6%E5%AE%83%20562b510967874f97ae9a82328b0fd99a.md), 丰子恺 (Reading/Author/%E4%B8%B0%E5%AD%90%E6%81%BA%20ab347db71af14c8985f36b1c7b60d8b5.md), 曹雪芹 (Reading/Author/%E6%9B%B9%E9%9B%AA%E8%8A%B9%20cd24cc8fc6ef4739b0249386e9a4b2a7.md), 金庸 (Reading/Author/%E9%87%91%E5%BA%B8%20bf89c58dc10849209fda2413dcbf544c.md), 古龙 (Reading/Author/%E5%8F%A4%E9%BE%99%206c0180fe98a147ffbb0035e190331475.md), 老舍 (Reading/Author/%E8%80%81%E8%88%8D%20bddbf030fe444ed7bfa585aae1b19b29.md), 王元 (Reading/Author/%E7%8E%8B%E5%85%83%20958f1a819c6b4ba49f942de1fe401dd0.md), 兰陵笑笑生 (Reading/Author/%E5%85%B0%E9%99%B5%E7%AC%91%E7%AC%91%E7%94%9F%202e2e418eceec461ea0899ae87cf7df3e.md), 马明 (Reading/Author/%E9%A9%AC%E6%98%8E%20bf0fc656079f4a9c881882ea9dd8cc7a.md), 司马彦 (Reading/Author/%E5%8F%B8%E9%A9%AC%E5%BD%A6%201c8189905f9a47e6af8e8dbcd307821d.md), 吕思勉 (Reading/Author/%E5%90%95%E6%80%9D%E5%8B%89%201d967575681c45bda0b2782ca0dfbbcd.md), 李洋 (Reading/Author/%E6%9D%8E%E6%B4%8B%20a88ab51eee63403ca70934a0fe2ced09.md), 季羡林 (Reading/Author/%E5%AD%A3%E7%BE%A1%E6%9E%97%20f5ff45710040493f91c592941e1c4f8e.md), 萧红 (Reading/Author/%E8%90%A7%E7%BA%A2%20a765fc21cc7a4c10a6c1afd8b15e175c.md), 王国维 (Reading/Author/%E7%8E%8B%E5%9B%BD%E7%BB%B4%2017d079848b2a43dbb82b3b0e89a66002.md), 王诩 (Reading/Author/%E7%8E%8B%E8%AF%A9%204b2fb2cee7d044d1b6c66e8b65aaf5a2.md), 余光中 (Reading/Author/%E4%BD%99%E5%85%89%E4%B8%AD%2041bd9a845298481a8de598f28770f901.md), 费孝通 (Reading/Author/%E8%B4%B9%E5%AD%9D%E9%80%9A%207832c7d9ecbc4b94b9f7d3d57f4b7e64.md), 凌濛初 (Reading/Author/%E5%87%8C%E6%BF%9B%E5%88%9D%207b2b9f0c64a24ca5ab1122cd152734c8.md), 冯梦龙 (Reading/Author/%E5%86%AF%E6%A2%A6%E9%BE%99%20f570a28de715412f9148af1a39de3142.md), 吴敬梓 (Reading/Author/%E5%90%B4%E6%95%AC%E6%A2%93%20759b5a64021f45c69f7d988f3bf252c9.md), 林海音 (Reading/Author/%E6%9E%97%E6%B5%B7%E9%9F%B3%20324a772d5bcf4f67ab007f6ca654ee05.md), 李汝珍 (Reading/Author/%E6%9D%8E%E6%B1%9D%E7%8F%8D%2064aec08c6fb844408f382cc3bace293e.md), 海子 (Reading/Author/%E6%B5%B7%E5%AD%90%202dc6c286b88049359db787a7e6d81993.md), 蒲松龄 (Reading/Author/%E8%92%B2%E6%9D%BE%E9%BE%84%203e4fe62392a9460899aab755f86df03c.md), 许仲琳 (Reading/Author/%E8%AE%B8%E4%BB%B2%E7%90%B3%20786e866724bb481fbce1b3699019baeb.md), 朱光潜 (Reading/Author/%E6%9C%B1%E5%85%89%E6%BD%9C%20a73e02d1e906477da7bbf65e1230cf87.md), 徐志摩 (Reading/Author/%E5%BE%90%E5%BF%97%E6%91%A9%206be71f5599804e4ca0137d989fe41be2.md), 刘鹗 (Reading/Author/%E5%88%98%E9%B9%97%20bd25e46628364c559a354e12e297746c.md), 孟元老 (Reading/Author/%E5%AD%9F%E5%85%83%E8%80%81%2098eb9b7f9c624356b9f6669261fff1ea.md), 干宝 (Reading/Author/%E5%B9%B2%E5%AE%9D%20e7de266b19004918b0acbcb76e33f46b.md), 吴康民 (Reading/Author/%E5%90%B4%E5%BA%B7%E6%B0%91%20d7f7fe1bf9084c6d86670f59c2483599.md), 蒋坦 (Reading/Author/%E8%92%8B%E5%9D%A6%203301d151e9614b81b1d507ed5d3613be.md), 洪昇 (Reading/Author/%E6%B4%AA%E6%98%87%20636224d79c0443248afe4c735347701b.md), 孔尚任 (Reading/Author/%E5%AD%94%E5%B0%9A%E4%BB%BB%20e00c7b9dc3d345c6a496189a4b370feb.md), 汤显祖 (Reading/Author/%E6%B1%A4%E6%98%BE%E7%A5%96%20a61e949847444c2f8bc59b981757a699.md), 曾朴 (Reading/Author/%E6%9B%BE%E6%9C%B4%205ff5f5a23e3c4b009e2fb1fb6177cb78.md), 张旭 (Reading/Author/%E5%BC%A0%E6%97%AD%20b4546c8f451f4e05a565bee47ede3138.md), 文征明 (Reading/Author/%E6%96%87%E5%BE%81%E6%98%8E%20b4cbc698823b4f74b8a4c8566cfb5eb6.md), 赵孟頫 (Reading/Author/%E8%B5%B5%E5%AD%9F%E9%A0%AB%20fc594ef097ab4a45a30e235a4fe67a90.md), 文震亨 (Reading/Author/%E6%96%87%E9%9C%87%E4%BA%A8%20a129b085a2ce421095699122b34c494e.md), 陈继儒 (Reading/Author/%E9%99%88%E7%BB%A7%E5%84%92%201092ba22778e4ea8b68eeb9d1436bc7b.md), 陆羽 (Reading/Author/%E9%99%86%E7%BE%BD%2070ec651d92e0494c9dc84f9964dcc11b.md), 郑振铎 (Reading/Author/%E9%83%91%E6%8C%AF%E9%93%8E%20d7e3db023cea4487b248fd800bcc36c7.md), 郁达夫 (Reading/Author/%E9%83%81%E8%BE%BE%E5%A4%AB%209c67bc1dff4f4885bab6e98d75382d5f.md), 伏羲 (Reading/Author/%E4%BC%8F%E7%BE%B2%203e771332c5734da6bc5a2cb36a52fd65.md), 姬昌 (Reading/Author/%E5%A7%AC%E6%98%8C%20220c037e3cf04b80bc17a241290e7ab8.md), 胡适 (Reading/Author/%E8%83%A1%E9%80%82%20cce3b92be3e94ec8ad2ae32bac57527f.md), 黄石公 (Reading/Author/%E9%BB%84%E7%9F%B3%E5%85%AC%20fb66450acc4843c1ae26fa177da346e4.md), 张乐平 (Reading/Author/%E5%BC%A0%E4%B9%90%E5%B9%B3%200afd1a33698f480aa12240d446d1b33f.md), 林徽因 (Reading/Author/%E6%9E%97%E5%BE%BD%E5%9B%A0%2075099954070e471a93b13db82beeb5f8.md), 冰心 (Reading/Author/%E5%86%B0%E5%BF%83%2021b086f5099249a39ddff06c8cee9121.md), 李毓秀 (Reading/Author/%E6%9D%8E%E6%AF%93%E7%A7%80%20f8bc18bb1f3d4af5b88672b31723b36e.md), 庞婕蕾 (Reading/Author/%E5%BA%9E%E5%A9%95%E8%95%BE%2018d066b10a5c40eaa610990bbf58ac9d.md), 周作人 (Reading/Author/%E5%91%A8%E4%BD%9C%E4%BA%BA%20693ec22ddbc34b698610e5f6ae6ef092.md), 杜阳林 (Reading/Author/%E6%9D%9C%E9%98%B3%E6%9E%97%208d1a78bc19004315bd2428c6ec304b46.md), 袁枚 (Reading/Author/%E8%A2%81%E6%9E%9A%20c0ebb5ecdfd24eaf8db4e0f638cc5c42.md), 司马迁 (Reading/Author/%E5%8F%B8%E9%A9%AC%E8%BF%81%2081f7c6305ab04a95a7650188a9bf6e1d.md), 蒋廷黻 (Reading/Author/%E8%92%8B%E5%BB%B7%E9%BB%BB%20928c10a687f9412da7b9eb58f049c3f7.md), 吴承恩 (Reading/Author/%E5%90%B4%E6%89%BF%E6%81%A9%208165217335394ea0b88edae8b302003d.md), 施耐庵 (Reading/Author/%E6%96%BD%E8%80%90%E5%BA%B5%2081dcbea63b594cb58e6c35192661e5f5.md), 罗贯中 (Reading/Author/%E7%BD%97%E8%B4%AF%E4%B8%AD%20418423543d1d4f9aaa2ff25767f30a2b.md), 李劼人 (Reading/Author/%E6%9D%8E%E5%8A%BC%E4%BA%BA%207dcfa16505084420b66d71b0be4bd145.md), 韩愈 (Reading/Author/%E9%9F%A9%E6%84%88%2090cc892d93d54ad981c6a135c4ac63b2.md), 魏徵 (Reading/Author/%E9%AD%8F%E5%BE%B5%201dd8cb0d8ad1462cb1d747610dcd0138.md), 傅雷 (Reading/Author/%E5%82%85%E9%9B%B7%208c72f121316240e8abd41248461a5534.md), 王安石 (Reading/Author/%E7%8E%8B%E5%AE%89%E7%9F%B3%20ecd50f7ad10d4afb8c64ea1392c8541a.md), 曾巩 (Reading/Author/%E6%9B%BE%E5%B7%A9%20075063380eb445c6bc7065408f63efcf.md), 梁实秋 (Reading/Author/%E6%A2%81%E5%AE%9E%E7%A7%8B%202ab653f787274891ae51679723033ab9.md), 欧阳修 (Reading/Author/%E6%AC%A7%E9%98%B3%E4%BF%AE%20805bec913b5942568e323cfd03273879.md), 罗小未 (Reading/Author/%E7%BD%97%E5%B0%8F%E6%9C%AA%202b97121ecc3842f890f6d2cb8e246ca4.md), 王力 (Reading/Author/%E7%8E%8B%E5%8A%9B%2000385b5611974c5ab5e73f64f9f8d3dd.md), 吴兢 (Reading/Author/%E5%90%B4%E5%85%A2%20e6b1ba73c1dd4d9a9cd87721cef03005.md), 钱穆 (Reading/Author/%E9%92%B1%E7%A9%86%201d4a2b38ced7458b8e237019a05a0397.md), 王小波 (Reading/Author/%E7%8E%8B%E5%B0%8F%E6%B3%A2%20b6d979c4b8e54897b4507ff82fd06dfc.md), 沈复 (Reading/Author/%E6%B2%88%E5%A4%8D%2087601d0b5b384bc885914db295061308.md), 刘震云 (Reading/Author/%E5%88%98%E9%9C%87%E4%BA%91%2027f60b5800f34303bf6388b76d335cb0.md), 张大春 (Reading/Author/%E5%BC%A0%E5%A4%A7%E6%98%A5%2018477dd3d7838072aba6d5728365e6d4.md), 卓雅 (Reading/Author/%E5%8D%93%E9%9B%85%201b077dd3d783808fb371c9bbbab3c883.md), 黄永玉 (Reading/Author/%E9%BB%84%E6%B0%B8%E7%8E%89%201de77dd3d783803eafbdd0ac8cae0a38.md), 闻一多 (Reading/Author/%E9%97%BB%E4%B8%80%E5%A4%9A%201e577dd3d78380a680c8ff29c27aac8d.md), 苏枕书 (Reading/Author/%E8%8B%8F%E6%9E%95%E4%B9%A6%201e677dd3d7838007bbe1edfa69785de0.md), 李渔 (Reading/Author/%E6%9D%8E%E6%B8%94%201f477dd3d7838032abd6e88e74b98d3b.md), 西湖渔隐主人 (Reading/Author/%E8%A5%BF%E6%B9%96%E6%B8%94%E9%9A%90%E4%B8%BB%E4%BA%BA%201f977dd3d78380568fcde6ef6ee00e47.md), 韩邦庆 (Reading/Author/%E9%9F%A9%E9%82%A6%E5%BA%86%201fb77dd3d7838040b490efb650dc7ef5.md), 陆云龙 (Reading/Author/%E9%99%86%E4%BA%91%E9%BE%99%201ff77dd3d7838036a244cad0bfa04a0e.md), 陆人龙 (Reading/Author/%E9%99%86%E4%BA%BA%E9%BE%99%201ff77dd3d7838078b3f4e44de312a743.md), 无斋主人 (Reading/Author/%E6%97%A0%E6%96%8B%E4%B8%BB%E4%BA%BA%2020377dd3d78380418594c56d1889a5a6.md), 蔡义江 (Reading/Author/%E8%94%A1%E4%B9%89%E6%B1%9F%2022277dd3d78380a79847f3e5cb7331f1.md), 脂砚斋 (Reading/Author/%E8%84%82%E7%A0%9A%E6%96%8B%2022a77dd3d7838052bf90c10bdaca8b14.md), 刘心武 (Reading/Author/%E5%88%98%E5%BF%83%E6%AD%A6%2022d77dd3d78380649348dac01f34e308.md), 西周生 (Reading/Author/%E8%A5%BF%E5%91%A8%E7%94%9F%2025677dd3d78380e78e0ed585f27be777.md)"
英国,26,"毛姆 (Reading/Author/%E6%AF%9B%E5%A7%86%20d23eff18683e4a048b17589cacd0c44f.md), 笛福 (Reading/Author/%E7%AC%9B%E7%A6%8F%20d1e9cdc276e7457cbd0f891085ffbcd8.md), 托马斯·哈代 (Reading/Author/%E6%89%98%E9%A9%AC%E6%96%AF%C2%B7%E5%93%88%E4%BB%A3%20a518c895946c45f785eaa59e97bd617e.md), 娜恩·谢泼德 (Reading/Author/%E5%A8%9C%E6%81%A9%C2%B7%E8%B0%A2%E6%B3%BC%E5%BE%B7%209da5f5d400c842789e1b269e85b7becb.md), 罗伯特·格雷夫斯 (Reading/Author/%E7%BD%97%E4%BC%AF%E7%89%B9%C2%B7%E6%A0%BC%E9%9B%B7%E5%A4%AB%E6%96%AF%209664fbd1e15046dca50e165f96da3240.md), 狄更斯 (Reading/Author/%E7%8B%84%E6%9B%B4%E6%96%AF%20a1ebe919508448288ab0e3ed041ff1dd.md), 奈保尔 (Reading/Author/%E5%A5%88%E4%BF%9D%E5%B0%94%20a122682600f94bb29ffb070d448e7b0a.md), 简·奥斯汀 (Reading/Author/%E7%AE%80%C2%B7%E5%A5%A5%E6%96%AF%E6%B1%80%204e5c7829bd9a4c71ae2400a8d910adda.md), 石黑一雄 (Reading/Author/%E7%9F%B3%E9%BB%91%E4%B8%80%E9%9B%84%2049a433e74cf74f33bc0062ad76a6dd19.md), 乔治·奥威尔 (Reading/Author/%E4%B9%94%E6%B2%BB%C2%B7%E5%A5%A5%E5%A8%81%E5%B0%94%2093e05f3b2dcc4ad0b9f91e93ae9c7b8b.md), 莎士比亚 (Reading/Author/%E8%8E%8E%E5%A3%AB%E6%AF%94%E4%BA%9A%209bc284ad369843a1aeaa0a7a2be34f6b.md), 金斯利 (Reading/Author/%E9%87%91%E6%96%AF%E5%88%A9%2044358a786b0e4bab87ce5b66c7953449.md), 伯内特夫人 (Reading/Author/%E4%BC%AF%E5%86%85%E7%89%B9%E5%A4%AB%E4%BA%BA%202347b7658f594c98b397c5cf88f2c68e.md), 夏洛蒂·勃朗特 (Reading/Author/%E5%A4%8F%E6%B4%9B%E8%92%82%C2%B7%E5%8B%83%E6%9C%97%E7%89%B9%20112100a2d6be475888f8fe48b5f49e59.md), 蕾秋·乔伊斯 (Reading/Author/%E8%95%BE%E7%A7%8B%C2%B7%E4%B9%94%E4%BC%8A%E6%96%AF%20749308bcae9c4582bd206c2106b3ea90.md), 培根 (Reading/Author/%E5%9F%B9%E6%A0%B9%2016b978b9800d412ab418041395e9b019.md), 艾米莉·勃朗特 (Reading/Author/%E8%89%BE%E7%B1%B3%E8%8E%89%C2%B7%E5%8B%83%E6%9C%97%E7%89%B9%20ed46675a1e1c49bcbb4789e093568a6d.md), 乔纳森·斯威夫特 (Reading/Author/%E4%B9%94%E7%BA%B3%E6%A3%AE%C2%B7%E6%96%AF%E5%A8%81%E5%A4%AB%E7%89%B9%2013a1565540c644fba3d345e708a9631f.md), 西蒙·凡·布伊 (Reading/Author/%E8%A5%BF%E8%92%99%C2%B7%E5%87%A1%C2%B7%E5%B8%83%E4%BC%8A%202113623c96534589820eb57805f10369.md), 伍尔夫 (Reading/Author/%E4%BC%8D%E5%B0%94%E5%A4%AB%20bb0926172ae54b5b8e7451f1fdda2778.md), 安妮塔·布鲁克纳 (Reading/Author/%E5%AE%89%E5%A6%AE%E5%A1%94%C2%B7%E5%B8%83%E9%B2%81%E5%85%8B%E7%BA%B3%208bccadec54e6401889a98f316b1f5d0e.md), D·H·劳伦斯 (Reading/Author/D%C2%B7H%C2%B7%E5%8A%B3%E4%BC%A6%E6%96%AF%2010577dd3d783809cae8fc9d12002192c.md), 阿加莎·克里斯蒂 (Reading/Author/%E9%98%BF%E5%8A%A0%E8%8E%8E%C2%B7%E5%85%8B%E9%87%8C%E6%96%AF%E8%92%82%2010577dd3d783809aa9fcf0b77a533bef.md), 詹姆斯·伍德 (Reading/Author/%E8%A9%B9%E5%A7%86%E6%96%AF%C2%B7%E4%BC%8D%E5%BE%B7%2015b77dd3d78380b68e96f35966dad99d.md), 柯南·道尔 (Reading/Author/%E6%9F%AF%E5%8D%97%C2%B7%E9%81%93%E5%B0%94%2019877dd3d78380d1a9d0c2dcd215b907.md), 罗素 (Reading/Author/%E7%BD%97%E7%B4%A0%201b077dd3d783809d8568f0c820981f13.md)"
美国,29,"加布瑞埃拉·泽文 (Reading/Author/%E5%8A%A0%E5%B8%83%E7%91%9E%E5%9F%83%E6%8B%89%C2%B7%E6%B3%BD%E6%96%87%20a2e9646d28004bd08d5b9c433b05d1d2.md), 詹姆斯·麦克莱恩 (Reading/Author/%E8%A9%B9%E5%A7%86%E6%96%AF%C2%B7%E9%BA%A6%E5%85%8B%E8%8E%B1%E6%81%A9%20661a0993a6184bd1a9c363d25a06ee92.md), 菲茨杰拉德 (Reading/Author/%E8%8F%B2%E8%8C%A8%E6%9D%B0%E6%8B%89%E5%BE%B7%20c266cfc12aa049bda47a038f8ce3e236.md), 梭罗 (Reading/Author/%E6%A2%AD%E7%BD%97%20939e86a407124afdba2dca800f9b028c.md), 卡森·麦卡勒斯 (Reading/Author/%E5%8D%A1%E6%A3%AE%C2%B7%E9%BA%A6%E5%8D%A1%E5%8B%92%E6%96%AF%20759a2350de5b4ae58a56a7dad5d11320.md), 黄仁宇 (Reading/Author/%E9%BB%84%E4%BB%81%E5%AE%87%20d0dca7b13e4647d987846ef230f19015.md), 福克纳 (Reading/Author/%E7%A6%8F%E5%85%8B%E7%BA%B3%20c0293ecc669348bd95d39e1358e2986b.md), 斯托夫人 (Reading/Author/%E6%96%AF%E6%89%98%E5%A4%AB%E4%BA%BA%206ffd4c215d0144d7b07edd2099d41699.md), 伯内特夫人 (Reading/Author/%E4%BC%AF%E5%86%85%E7%89%B9%E5%A4%AB%E4%BA%BA%202347b7658f594c98b397c5cf88f2c68e.md), 纪伯伦 (Reading/Author/%E7%BA%AA%E4%BC%AF%E4%BC%A6%204a7dba30584e4174b0116879de2de67d.md), 海明威 (Reading/Author/%E6%B5%B7%E6%98%8E%E5%A8%81%2012e96aac2aed42d7ab182fe4468d2677.md), 奥尔多·利奥波德 (Reading/Author/%E5%A5%A5%E5%B0%94%E5%A4%9A%C2%B7%E5%88%A9%E5%A5%A5%E6%B3%A2%E5%BE%B7%20a59dfac749754ed991e9b76db9679667.md), 蕾切尔·卡逊 (Reading/Author/%E8%95%BE%E5%88%87%E5%B0%94%C2%B7%E5%8D%A1%E9%80%8A%205e014404e87347ab8d014e4903b3dc58.md), 约翰·缪尔 (Reading/Author/%E7%BA%A6%E7%BF%B0%C2%B7%E7%BC%AA%E5%B0%94%203ca713c24ca944fea993dfa5b6b6a248.md), 约翰·巴勒斯 (Reading/Author/%E7%BA%A6%E7%BF%B0%C2%B7%E5%B7%B4%E5%8B%92%E6%96%AF%20acf9e95ae7e44ea7ad24951c7f1273f8.md), 杰克·伦敦 (Reading/Author/%E6%9D%B0%E5%85%8B%C2%B7%E4%BC%A6%E6%95%A6%200e9caf89eed44c58a0b8b23f570e0364.md), 雷蒙德·钱德勒 (Reading/Author/%E9%9B%B7%E8%92%99%E5%BE%B7%C2%B7%E9%92%B1%E5%BE%B7%E5%8B%92%201b435a03861a494aa1cf334eb57429a9.md), 马克·吐温 (Reading/Author/%E9%A9%AC%E5%85%8B%C2%B7%E5%90%90%E6%B8%A9%207a2b878727b14caa87821adafa584a37.md), 本杰明·富兰克林 (Reading/Author/%E6%9C%AC%E6%9D%B0%E6%98%8E%C2%B7%E5%AF%8C%E5%85%B0%E5%85%8B%E6%9E%97%2069074e39011744a3b2436be18f229584.md), 戴尔·卡耐基 (Reading/Author/%E6%88%B4%E5%B0%94%C2%B7%E5%8D%A1%E8%80%90%E5%9F%BA%202b60bcfcd80b4db4b3d3a9cf3a4d36f3.md), 伊丽莎白·恩赖特 (Reading/Author/%E4%BC%8A%E4%B8%BD%E8%8E%8E%E7%99%BD%C2%B7%E6%81%A9%E8%B5%96%E7%89%B9%20c3404107ffe044b1b073178b93ac2dc3.md), 玛格丽特·米切尔 (Reading/Author/%E7%8E%9B%E6%A0%BC%E4%B8%BD%E7%89%B9%C2%B7%E7%B1%B3%E5%88%87%E5%B0%94%204ba962ed7b8e428ba3c157ae6c97008a.md), 纳博科夫 (Reading/Author/%E7%BA%B3%E5%8D%9A%E7%A7%91%E5%A4%AB%20995181809a04485a9523d41819e23a3f.md), 塞林格 (Reading/Author/%E5%A1%9E%E6%9E%97%E6%A0%BC%208fe315b4d92c43ed8a63fcc831abd263.md), 欧·亨利 (Reading/Author/%E6%AC%A7%C2%B7%E4%BA%A8%E5%88%A9%208029bb00930b4bc98187f22b5d48c0b5.md), 舍伍德·安德森 (Reading/Author/%E8%88%8D%E4%BC%8D%E5%BE%B7%C2%B7%E5%AE%89%E5%BE%B7%E6%A3%AE%204d440690b23a4aba995bad79ba2414a5.md), 戴维·伽特森 (Reading/Author/%E6%88%B4%E7%BB%B4%C2%B7%E4%BC%BD%E7%89%B9%E6%A3%AE%207512543119ee42c095d800c4452c3fa8.md), 埃德加·斯诺 (Reading/Author/%E5%9F%83%E5%BE%B7%E5%8A%A0%C2%B7%E6%96%AF%E8%AF%BA%20413204f1246b48d7ae209815ddafb221.md), 无斋主人 (Reading/Author/%E6%97%A0%E6%96%8B%E4%B8%BB%E4%BA%BA%2020377dd3d78380418594c56d1889a5a6.md)"
法国,21,"程抱一 (Reading/Author/%E7%A8%8B%E6%8A%B1%E4%B8%80%207a79ed8746ed4abea48c885a71a4c035.md), 司汤达 (Reading/Author/%E5%8F%B8%E6%B1%A4%E8%BE%BE%20491a654877534f55b39896d0f8f8f12e.md), 莫泊桑 (Reading/Author/%E8%8E%AB%E6%B3%8A%E6%A1%91%20388d41d770fc4725964364198c9f6a2c.md), 巴尔扎克 (Reading/Author/%E5%B7%B4%E5%B0%94%E6%89%8E%E5%85%8B%20f5dc47731b5a4cbd99f33a2d0fb8e527.md), 托马斯·皮凯蒂 (Reading/Author/%E6%89%98%E9%A9%AC%E6%96%AF%C2%B7%E7%9A%AE%E5%87%AF%E8%92%82%20f64531c94e934da1bca9c64597d7e02f.md), 梅里美 (Reading/Author/%E6%A2%85%E9%87%8C%E7%BE%8E%20fd04a50c77d04dc2b6ab3ccb752389a9.md), 加缪 (Reading/Author/%E5%8A%A0%E7%BC%AA%201a27669a7f7242aa9aa9338b45e172d3.md), 福楼拜 (Reading/Author/%E7%A6%8F%E6%A5%BC%E6%8B%9C%20e7aa628316804a22abf1d04163fc1370.md), 埃克苏佩里 (Reading/Author/%E5%9F%83%E5%85%8B%E8%8B%8F%E4%BD%A9%E9%87%8C%20a750df4f717d4b1bb59945fcd650deb6.md), 小仲马 (Reading/Author/%E5%B0%8F%E4%BB%B2%E9%A9%AC%202f9c469d30bd4288865c8cd0ef0129ce.md), 凡尔纳 (Reading/Author/%E5%87%A1%E5%B0%94%E7%BA%B3%20bb837287703e4f4ead7ffb503f1ff67e.md), 卢梭 (Reading/Author/%E5%8D%A2%E6%A2%AD%200285e5f9b46c4e19913132833730d51c.md), 安德烈·纪德 (Reading/Author/%E5%AE%89%E5%BE%B7%E7%83%88%C2%B7%E7%BA%AA%E5%BE%B7%20650c934450174ebe934c15b26a441039.md), 玛丽·居里 (Reading/Author/%E7%8E%9B%E4%B8%BD%C2%B7%E5%B1%85%E9%87%8C%20e49c58dbdd324647b58e576618f90edf.md), 罗曼·罗兰 (Reading/Author/%E7%BD%97%E6%9B%BC%C2%B7%E7%BD%97%E5%85%B0%20569f4687b79f4d4c94c9817f1dc4bc40.md), 维克多·雨果 (Reading/Author/%E7%BB%B4%E5%85%8B%E5%A4%9A%C2%B7%E9%9B%A8%E6%9E%9C%20fb2011e6e44549e7aa0a72ab3cefdec5.md), 古斯塔夫·勒庞 (Reading/Author/%E5%8F%A4%E6%96%AF%E5%A1%94%E5%A4%AB%C2%B7%E5%8B%92%E5%BA%9E%203f5677a4effb48038bc847f5b1d304b8.md), 玛格丽特·杜拉斯 (Reading/Author/%E7%8E%9B%E6%A0%BC%E4%B8%BD%E7%89%B9%C2%B7%E6%9D%9C%E6%8B%89%E6%96%AF%2030e9dd0591674c1980dd1b6e3f272bb8.md), 大仲马 (Reading/Author/%E5%A4%A7%E4%BB%B2%E9%A9%AC%2073f84ef546314c92aaf90ba56d3ed0d2.md), 马赛尔·普鲁斯特 (Reading/Author/%E9%A9%AC%E8%B5%9B%E5%B0%94%C2%B7%E6%99%AE%E9%B2%81%E6%96%AF%E7%89%B9%20e88061ebce584bab96a46c4d25b6e89f.md), 都德 (Reading/Author/%E9%83%BD%E5%BE%B7%2013f77dd3d78380ce8889e27e7bfbfb72.md)"
俄罗斯,10,"屠格涅夫 (Reading/Author/%E5%B1%A0%E6%A0%BC%E6%B6%85%E5%A4%AB%20d55de7c9158f4d8283bd17fc1fed0c6e.md), 陀思妥耶夫斯基 (Reading/Author/%E9%99%80%E6%80%9D%E5%A6%A5%E8%80%B6%E5%A4%AB%E6%96%AF%E5%9F%BA%20cccbf1ca36f64ef0bbe6eda7c91537b8.md), 帕斯捷尔纳克 (Reading/Author/%E5%B8%95%E6%96%AF%E6%8D%B7%E5%B0%94%E7%BA%B3%E5%85%8B%20b57c82a359a24b9a9a59084061298d4d.md), 契诃夫 (Reading/Author/%E5%A5%91%E8%AF%83%E5%A4%AB%208181815d2fe04baa840fe6e9f36aaf1d.md), 肖洛霍夫 (Reading/Author/%E8%82%96%E6%B4%9B%E9%9C%8D%E5%A4%AB%200f0f1ba7cde54313ba5dceaf378f666b.md), 瓦西里耶夫 (Reading/Author/%E7%93%A6%E8%A5%BF%E9%87%8C%E8%80%B6%E5%A4%AB%200541475d49bd4cb198b4b11e5b671912.md), 高尔基 (Reading/Author/%E9%AB%98%E5%B0%94%E5%9F%BA%20c9f53fe2defa45c89e6d62db1d43ac22.md), 托尔斯泰 (Reading/Author/%E6%89%98%E5%B0%94%E6%96%AF%E6%B3%B0%208fcf6a9b30274838bcaecb66923b71db.md), 纳博科夫 (Reading/Author/%E7%BA%B3%E5%8D%9A%E7%A7%91%E5%A4%AB%20995181809a04485a9523d41819e23a3f.md), 普希金 (Reading/Author/%E6%99%AE%E5%B8%8C%E9%87%91%2010577dd3d783801eae8fffd289d5f853.md)"
日本,6,"村上春树 (Reading/Author/%E6%9D%91%E4%B8%8A%E6%98%A5%E6%A0%91%2035640d4238b7469fab5944044b1d92af.md), 东野圭吾 (Reading/Author/%E4%B8%9C%E9%87%8E%E5%9C%AD%E5%90%BE%203ff62b4bc9b94dd7880aeaf331defb8e.md), 太宰治 (Reading/Author/%E5%A4%AA%E5%AE%B0%E6%B2%BB%20e4c1eb4c140946d6b2e80400c29beca7.md), 芥川龙之介 (Reading/Author/%E8%8A%A5%E5%B7%9D%E9%BE%99%E4%B9%8B%E4%BB%8B%20726180c7e92a43da84869c25a7d90615.md), 石黑一雄 (Reading/Author/%E7%9F%B3%E9%BB%91%E4%B8%80%E9%9B%84%2049a433e74cf74f33bc0062ad76a6dd19.md), 黑柳彻子 (Reading/Author/%E9%BB%91%E6%9F%B3%E5%BD%BB%E5%AD%90%2055338e3332634ff2b5fd47ee15f6c58f.md)"
哥伦比亚,1,马尔克斯 (Reading/Author/%E9%A9%AC%E5%B0%94%E5%85%8B%E6%96%AF%201a9f5070c5ad4997b2ecdf8e38c59ba6.md)
奥地利,2,"茨威格 (Reading/Author/%E8%8C%A8%E5%A8%81%E6%A0%BC%200f25776e017f4d36b31ba4257f4ebaa9.md), 维克多·弗兰克尔 (Reading/Author/%E7%BB%B4%E5%85%8B%E5%A4%9A%C2%B7%E5%BC%97%E5%85%B0%E5%85%8B%E5%B0%94%200dd444cc74ef4252a1c2bd0e3c27a2b0.md)"
加拿大,1,艾丽丝·门罗 (Reading/Author/%E8%89%BE%E4%B8%BD%E4%B8%9D%C2%B7%E9%97%A8%E7%BD%97%20144137e4552e487fb7169f75db73f25a.md)
爱尔兰,4,"王尔德 (Reading/Author/%E7%8E%8B%E5%B0%94%E5%BE%B7%20b52aafe66fbc45ccaf3a84b652b16931.md), 詹姆斯·乔伊斯 (Reading/Author/%E8%A9%B9%E5%A7%86%E6%96%AF%C2%B7%E4%B9%94%E4%BC%8A%E6%96%AF%200982ac7afc8a462ca52f9672f72fa598.md), 伏尼契 (Reading/Author/%E4%BC%8F%E5%B0%BC%E5%A5%91%200038b10e57524309b29330670f070705.md), 叶芝 (Reading/Author/%E5%8F%B6%E8%8A%9D%20fbbe40c7579f4718a18c06b968384dbe.md)"
印度,2,"泰戈尔 (Reading/Author/%E6%B3%B0%E6%88%88%E5%B0%94%20063a09746adc4051913684dc8eb9f377.md), 奈保尔 (Reading/Author/%E5%A5%88%E4%BF%9D%E5%B0%94%20a122682600f94bb29ffb070d448e7b0a.md)"
意大利,4,"卡尔维诺 (Reading/Author/%E5%8D%A1%E5%B0%94%E7%BB%B4%E8%AF%BA%20bc7e2f2f32ea4d8d9b8f0c9f48088929.md), 亚米契斯 (Reading/Author/%E4%BA%9A%E7%B1%B3%E5%A5%91%E6%96%AF%209b7eb11285544e77ab1fba4f1676a1e0.md), 薄伽丘 (Reading/Author/%E8%96%84%E4%BC%BD%E4%B8%98%2051525ad01d7b430e9c5b9162eef241be.md), 埃莱娜·费兰特 (Reading/Author/%E5%9F%83%E8%8E%B1%E5%A8%9C%C2%B7%E8%B4%B9%E5%85%B0%E7%89%B9%204f8fee8ca8e34d36a0b303f816fea777.md)"
乌克兰,2,"布尔加科夫 (Reading/Author/%E5%B8%83%E5%B0%94%E5%8A%A0%E7%A7%91%E5%A4%AB%20b89eea4aea5b49228a2e4aaefe317810.md), 奥斯特洛夫斯基 (Reading/Author/%E5%A5%A5%E6%96%AF%E7%89%B9%E6%B4%9B%E5%A4%AB%E6%96%AF%E5%9F%BA%205c9785593e464db8a00344473243adfa.md)"
德国,7,"歌德 (Reading/Author/%E6%AD%8C%E5%BE%B7%20e7d65d4b675d4d86947357b71ea52671.md), 黑塞 (Reading/Author/%E9%BB%91%E5%A1%9E%208c8570d151ef455f9d6b9be0804ce1c0.md), 格林兄弟 (Reading/Author/%E6%A0%BC%E6%9E%97%E5%85%84%E5%BC%9F%2065b7bbbc589a45c2a90f6b48556dc364.md), 卜劳恩 (Reading/Author/%E5%8D%9C%E5%8A%B3%E6%81%A9%20438a28a2cb2b4b7da4f2aac5b24c7e4f.md), 叔本华 (Reading/Author/%E5%8F%94%E6%9C%AC%E5%8D%8E%207bcb0c2ff8e64dfa86d5458339728b2e.md), 拉斯伯 (Reading/Author/%E6%8B%89%E6%96%AF%E4%BC%AF%205ee085ded67f43e7bbb89a4b2082d80e.md), 毕尔格 (Reading/Author/%E6%AF%95%E5%B0%94%E6%A0%BC%206dcbf3d3916a4c9c95aac5010ac1cbe7.md)"
西班牙,3,"普埃尔托拉斯 (Reading/Author/%E6%99%AE%E5%9F%83%E5%B0%94%E6%89%98%E6%8B%89%E6%96%AF%206679567aa510456aad25644fd0c06647.md), 葛拉西安 (Reading/Author/%E8%91%9B%E6%8B%89%E8%A5%BF%E5%AE%89%20917eadd2295748a4967236a71983f238.md), 塞万提斯 (Reading/Author/%E5%A1%9E%E4%B8%87%E6%8F%90%E6%96%AF%208aa770dc9ab54909a1e9746ccc653227.md)"
黎巴嫩,1,纪伯伦 (Reading/Author/%E7%BA%AA%E4%BC%AF%E4%BC%A6%204a7dba30584e4174b0116879de2de67d.md)
丹麦,1,安徒生 (Reading/Author/%E5%AE%89%E5%BE%92%E7%94%9F%207bedd0351c904d16b1ff1a77abc9e045.md)
捷克,1,卡夫卡 (Reading/Author/%E5%8D%A1%E5%A4%AB%E5%8D%A1%20e23e0f36b6ca4315987d65077ea8e288.md)
韩国,1,赵南柱 (Reading/Author/%E8%B5%B5%E5%8D%97%E6%9F%B1%207b9ba322acc1428d98bb7171a03584b6.md)
波兰,1,玛丽·居里 (Reading/Author/%E7%8E%9B%E4%B8%BD%C2%B7%E5%B1%85%E9%87%8C%20e49c58dbdd324647b58e576618f90edf.md)
阿根廷,1,里卡多·皮格利亚 (Reading/Author/%E9%87%8C%E5%8D%A1%E5%A4%9A%C2%B7%E7%9A%AE%E6%A0%BC%E5%88%A9%E4%BA%9A%20e13a07f82281434fb84ca430f6c28a54.md)
马来西亚,2,"黄锦树 (Reading/Author/%E9%BB%84%E9%94%A6%E6%A0%91%20d55cb716a7234a57aae746a60bfbb384.md), 黎紫书 (Reading/Author/%E9%BB%8E%E7%B4%AB%E4%B9%A6%2045c74528b163415c95175c78b44a0685.md)"
危地马拉,1,阿斯图里亚斯 (Reading/Author/%E9%98%BF%E6%96%AF%E5%9B%BE%E9%87%8C%E4%BA%9A%E6%96%AF%2010577dd3d7838054bef5d1a226a35561.md)